"","COUNT_1000G","CALC_1000G","CALC_GNOMAD"
"Arrhythm RV CM",0.00600987053483559,0.00875459816471025,0.00461821090029935
"Brugada Syndrome",0.00585993785554217,0.00756235297707253,0.00614201182590235
"Dilated CM",0.00124228353106437,0.0019950166925008,0.00758086705713124
"Hypercholesterolemia",0.00416514074440655,0.00557633562467208,0.00690156897341465
"Hypertrophic CM",0.00130364667715865,0.0019950166925008,0.00608287524010465
"Long QT Syndrome",0.00618452536579428,0.00835479935002703,0.00922568265866675
