"","ACMG_Lit_Full.Short_Name","AF_1000G","AF_1000G_AFR","AF_1000G_AMR","AF_1000G_ASJ","AF_1000G_EAS","AF_1000G_FIN","AF_1000G_NFE","AF_1000G_SAS","AF_1000G_OTH"
"1","Arrhythm RV CM",0.00875459816471025,0,0.0057512431828447,0,0.00791096191820717,0,0,0.0303840457723981,0
"2","Brugada Syndrome",0.00756235297707253,0.0135602940172537,0.00287976812364532,0,0.0039623527329673,0,0,0.00815698383921515,0
"3","Dilated CM",0.0019950166925008,0.00151228711826623,0.0057512431828447,0,0,0,0,0,0
"4","Hypercholesterolemia",0.00557633562467208,0.00603544022834324,0.0114735263051553,0,0.00593763761585175,0,0,0,0
"5","Hypertrophic CM",0.0019950166925008,0.00151228711826623,0.0057512431828447,0,0,0,0,0,0
"6","Long QT Syndrome",0.00835479935002703,0.0135602940172537,0.0057512431828447,0,0.0039623527329673,0,0,0.00815698383921515,0
